ninsee,transport_autoroute,transport_départementale,transport_nationale,transport_autres_routes,transport_total_général
75101,0,0,0,15205.44515455652,15205.44515455652
75102,0,0,0,4783.3065641522635,4783.3065641522635
75103,0,0,0,9239.65947475536,9239.65947475536
75104,0,0,0,13219.67295224948,13219.67295224948
75105,0,0,0,14521.784248794129,14521.784248794129
75106,0,0,0,16624.596653836543,16624.596653836543
75107,0,0,0,25010.692422056654,25010.692422056654
75108,0,0,0,28697.320389153472,28697.320389153472
75109,0,0,0,18971.445446536596,18971.445446536596
75110,0,0,0,22766.190205650164,22766.190205650164
75111,0,0,0,23345.76228031044,23345.76228031044
75112,1674.6364823893773,1462.083427148978,0,57563.73971648234,60700.459626020696
75113,626.1242743780722,43.62771373368784,0,39610.46309439357,40280.215082505325
75114,1283.9806614323677,340.9312232308766,0,38453.91353485063,40078.82541951387
75115,0,283.0151909870021,0,54731.21478146645,55014.22997245345
75116,2175.1832539739207,3209.1434329476656,0,99220.46760847229,104604.79429539386
75117,0,40.3483927554753,0,45571.77482878662,45612.1232215421
75118,1571.4420718736662,35.41725113876895,0,32117.410889711908,33724.27021272434
75119,0,304.21801318738403,0,36762.90166421346,37067.11967740084
75120,1150.787551927908,88.315166371312,0,34584.5067003366,35823.60941863582
77001,2526.83393241999,8761.454349673948,0,0,11288.288282093938
77002,0,9385.94713329643,0,2994.475958757036,12380.423092053465
77003,0,8277.535382301281,0,0,8277.535382301281
77004,0,6932.586404819081,0,2053.816778250098,8986.403183069178
77005,0,14478.162761878108,0,1126.3645716226758,15604.527333500784
77006,3716.1139190343906,8697.595542147892,0,3814.124179093907,16227.833640276192
77007,0,1336.6108958182697,0,800.347017531597,2136.9579133498664
77008,0,5121.201210075152,0,2301.9545318634237,7423.155741938576
77009,0,3389.5051236580957,0,1753.687330989478,5143.192454647574
77010,0,16476.566634961073,0,5282.4950029280835,21759.061637889157
77011,0,12673.732682236052,0,1036.836573905425,13710.569256141476
77012,0,7536.352137232912,0,0,7536.352137232912
77013,0,6142.520616656862,0,1545.4854251594682,7688.006041816329
77014,0,3831.24736498246,0,5340.937208028373,9172.184573010833
77015,0,1854.132086945765,0,2743.3465759211617,4597.478662866926
77016,0,6135.647915661932,0,2328.039789683622,8463.687705345554
77018,2569.52696616895,5173.990372864619,0,3471.236937752572,11214.75427678614
77019,0,9857.651936267333,0,1265.458897326457,11123.110833593788
77020,0,11689.256835740627,3522.668945685831,0,15211.92578142646
77021,0,2015.359453549077,0,0,2015.359453549077
77022,0,4397.672706989368,0,1040.5061812548645,5438.178888244232
77023,0,6694.641533561331,0,0,6694.641533561331
77024,0,11743.228711249323,0,1757.1180076835512,13500.346718932877
77025,0,10362.89168288492,0,6948.950365734223,17311.842048619143
77026,0,19155.173465414104,0,1451.3807923764691,20606.554257790573
77027,0,15923.503380470473,0,319.635745859864,16243.139126330336
77029,0,6698.147502913596,0,0,6698.147502913596
77030,0,11120.45528602935,0,0,11120.45528602935
77031,0,13619.103716163903,3459.092770557884,3337.5425073879933,20415.738994109783
77032,0,13901.959561853257,4510.214209172785,2928.1432289407812,21340.31699996682
77033,0,2953.214102200123,0,67.2481973449187,3020.4622995450413
77034,1615.28516476316,7864.030142844016,0,558.552369428265,10037.86767703544
77035,0,15230.993896017038,0,0,15230.993896017038
77036,0,3428.544673800063,339.0065117810471,203.241490353672,3970.792675934782
77037,0,6775.1657350650885,0,7532.240726576944,14307.406461642033
77038,0,2282.9942176295417,0,0,2282.9942176295417
77039,0,4792.614293311495,0,2514.185959781831,7306.800253093326
77040,0,5615.074047153257,0,2278.1384629468835,7893.212510100141
77041,0,7672.563277803664,0,7027.592946263948,14700.15622406761
77042,0,11043.68941758488,0,108.226258765472,11151.915676350352
77043,0,6256.7752031844775,0,0,6256.7752031844775
77044,0,7882.362195092224,0,4665.559420257448,12547.921615349673
77045,0,11454.50025632302,0,3984.149609785818,15438.64986610884
77046,0,3716.5327937531015,0,3308.6329801559705,7025.1657739090715
77047,2483.896345210562,8622.195847878724,0,0,11106.092193089286
77048,0,7657.176337537348,0,3357.636292913356,11014.812630450704
77049,3555.31879223785,7442.546482949009,0,3382.2789669276344,14380.144242114491
77050,0,7710.100992063153,0,951.2876690657381,8661.388661128893
77051,0,1525.4379907569942,0,1236.9342197806386,2762.372210537633
77052,0,2484.4842209574585,0,0,2484.4842209574585
77053,0,16432.61395614918,3696.3819666997974,4212.864118820764,24341.860041669745
77054,0,6148.699710557913,0,3246.1155448017253,9394.815255359637
77055,0,2912.4881659239945,0,50.7726109270661,2963.2607768510607
77056,0,5372.252801394592,0,0,5372.252801394592
77057,0,7565.596691247472,0,0,7565.596691247472
77058,4426.253273782678,10824.14190604012,0,5151.33139402106,20401.726573843855
77059,960.2600957544614,1846.7918161713592,0,1173.1214534695807,3980.1733653954016
77060,0,11119.664016092183,0,2702.15053297458,13821.814549066765
77061,0,8846.598073919318,0,246.672302935503,9093.27037685482
77062,0,1522.7825994481125,0,0,1522.7825994481125
77063,0,3287.9695945868452,0,1391.7592472404149,4679.72884182726
77065,1988.8740379145531,7143.042295318441,1448.1637433599908,0,10580.080076592983
77066,0,8089.9510498887585,4767.179478194516,904.4125527407368,13761.543080824013
77067,0,5106.773217510172,0,4590.2730588641625,9697.046276374334
77068,0,6410.580603352928,0,0,6410.580603352928
77069,0,11419.476710290704,0,0,11419.476710290704
77070,0,10599.367249948844,0,4607.400911016968,15206.768160965812
77071,7994.403128015096,12175.268618835617,0,0,20169.671746850712
77072,0,11756.68574059852,0,2571.925196236848,14328.610936835368
77073,0,3132.70226184999,0,3633.5729190611696,6766.27518091116
77075,0,4168.275932242683,0,1479.7777654643803,5648.053697707063
77076,0,4815.669673141889,0,1850.5674145251012,6666.23708766699
77077,0,8041.244856036194,0,1037.42881810044,9078.673674136631
77078,1155.0111334711,13126.188729832544,0,150.506062587984,14431.705925891629
77079,0,6428.127485026188,0,2039.478916681546,8467.606401707733
77080,0,8463.828637177003,0,0,8463.828637177003
77081,0,2937.353897286241,0,0,2937.353897286241
77082,0,8439.262936041683,0,324.803447436503,8764.066383478186
77083,953.4701768715452,7273.729444208554,0,9003.93638971568,17231.13601079578
77084,0,3645.7136892044623,0,0,3645.7136892044623
77085,0,5745.940147119532,0,0,5745.940147119532
77086,1533.17836404988,9646.838589841962,0,1966.595799350799,13146.61275324264
77087,0,4646.003352740993,0,0,4646.003352740993
77088,1371.97793969465,14114.178264259572,0,0,15486.156203954222
77089,0,19865.704636679013,0,0,19865.704636679013
77090,0,4917.668779059871,0,1865.155391165169,6782.82417022504
77091,0,6578.561769296466,1156.75651994667,0,7735.318289243136
77093,0,14026.57488209411,0,3552.429635822,17579.00451791611
77094,0,3156.477113962064,2291.8136573071965,3851.4185620758,9299.709333345061
77095,0,9791.849551770365,0,1279.4827714308203,11071.332323201184
77096,0,11975.247828174928,0,0,11975.247828174928
77097,0,5414.124875087306,0,0,5414.124875087306
77098,0,2747.414191565063,0,733.886381083237,3481.3005726483007
77099,1551.57770427979,31782.434379585084,0,1217.3777345928029,34551.389818457676
77100,2267.72599703883,16359.53439132023,0,1917.6283743825556,20544.888762741615
77101,0,8819.867542700847,0,0,8819.867542700847
77102,0,4248.764415054057,0,0,4248.764415054057
77103,518.638289936664,9999.94433727377,0,549.0486056095601,11067.631232819993
77104,0,6296.436462085861,3508.002536299489,3161.244664078056,12965.683662463409
77106,0,5294.802211568515,0,208.141771319008,5502.943982887523
77107,0,17055.265623974738,3522.061687886639,3991.25601840002,24568.583330261397
77108,0,17092.70946955262,0,12597.407711388532,29690.117180941153
77109,0,27125.315317253204,0,3752.2313698452617,30877.546687098467
77110,0,5989.3226522552695,0,4238.692658378482,10228.015310633751
77111,0,2650.0408840292857,0,7389.423140275955,10039.464024305242
77112,0,7579.496203574888,0,0,7579.496203574888
77113,0,6944.323720970489,0,3109.733175722145,10054.056896692637
77114,0,13661.737762735012,2036.393944848307,887.6804207458996,16585.812128329217
77115,0,12834.121030384966,0,2744.0467874365568,15578.167817821522
77116,0,18108.937492966197,0,3573.445464044473,21682.382957010668
77117,0,3473.222551721662,0,0,3473.222551721662
77118,0,8701.895275443925,6120.7208798020065,3459.5980008900806,18282.21415613601
77119,0,2129.6160127971852,0,2499.47065618814,4629.086668985325
77120,0,6331.689902639307,0,2794.2235237439436,9125.913426383247
77121,2589.9603166559027,3219.8798237340666,0,1969.3533937277116,7779.193534117681
77122,141.92335854297,10694.852138850209,5754.191806783204,7144.677028804534,23735.644332980915
77123,0,5645.2892471280875,1494.5540451570157,2360.26434104924,9500.107633334343
77124,0,1047.47723245952,0,1430.5053872854255,2477.9826197449456
77125,0,3235.191252715585,0,2275.5649733099335,5510.756226025518
77126,0,12276.925391864565,0,2525.992078526176,14802.91747039074
77127,0,6943.645711932631,0,1379.1376989769492,8322.78341090958
77128,1785.652218141925,6181.2737317953415,0,0,7966.925949937267
77129,0,19533.131002659455,0,567.9252068783454,20101.0562095378
77130,1145.73071216001,3824.5260812379024,0,0,4970.256793397913
77131,0,9233.38994632296,0,6483.240761586139,15716.6307079091
77132,0,10486.055072174311,0,5284.895488624093,15770.950560798408
77133,0,6707.139678990626,0,2015.354260411034,8722.49393940166
77134,0,7198.271112497243,0,0,7198.271112497243
77135,0,8456.21045039017,0,205.1079626251684,8661.318413015339
77136,0,3982.3677287700552,0,1628.350749194773,5610.718477964829
77137,0,4955.226822256028,2367.9357392712436,1975.34811221649,9298.51067374376
77138,0,1066.791866291362,0,2539.24477558512,3606.0366418764816
77139,0,5269.322835403054,0,1670.0030329186095,6939.325868321664
77140,0,4948.790094895666,0,1277.81274345785,6226.602838353516
77141,3803.498295493876,7493.985708518099,5.39003054485979,4312.212563301899,15615.086597858734
77142,0,14884.945965256502,0,142.88719141205,15027.833156668552
77143,0,4278.729094898342,627.4420794946817,3194.024320390196,8100.195494783221
77144,0,1818.142597315344,0,3171.947769426477,4990.090366741821
77145,960.9281742617472,6833.91611730558,4195.663967900059,596.903251274716,12587.411510742104
77146,357.24584272191,4388.849003725479,941.012641846798,2378.5168025576527,8065.62429085184
77147,0,19410.868452538012,0,4234.977122871632,23645.845575409643
77148,0,14854.439809783624,0,1279.4913817689944,16133.931191552618
77150,0,2080.0012142529185,0,1925.087986895408,4005.0892011483265
77151,0,6529.320237247191,0,103.286755002429,6632.60699224962
77152,0,14292.751419413931,0,7806.061200886712,22098.812620300643
77153,0,7482.283907340215,1707.4254568373349,2296.137631346281,11485.846995523829
77154,0,3652.07057017074,555.950565579735,1247.7346845309692,5455.755820281444
77155,0,1478.0475233963384,0,924.3240336090136,2402.371557005352
77156,1535.893418271948,4972.734476769505,0,2104.9344467898,8613.562341831253
77157,2429.481482800963,5425.3906379738055,0,681.3808537015658,8536.252974476334
77158,0,6290.39274172205,0,2048.118318953428,8338.511060675479
77159,0,13842.342957948744,0,6002.929053942719,19845.272011891466
77161,0,9054.569726368902,0,1005.5400066491,10060.109733018
77162,0,13045.640130932596,0,440.07953137471907,13485.719662307316
77163,0,6405.70126999781,0,2368.122017323888,8773.823287321698
77164,634.980461758106,10556.687059647333,0,0,11191.667521405438
77165,2842.1923697091506,11033.810160471356,0,2744.3549245881345,16620.35745476864
77167,0,12528.46364563376,0,0,12528.46364563376
77168,4107.829617113604,22403.437122984506,0,3843.719609866448,30354.98634996455
77169,878.6365938929231,2941.6538135190863,3045.473038471225,8139.700041190474,15005.463487073708
77171,0,3814.8224894170166,0,3231.3310801245834,7046.1535695416005
77172,0,13676.366094921275,0,11.7045772580328,13688.070672179309
77173,0,10148.325323361776,0,2220.35421732294,12368.679540684716
77174,0,4781.942309368118,0,947.304097756736,5729.246407124854
77175,2411.9901288992073,13481.689233812062,1476.459247741238,5222.635123048547,22592.773733501053
77176,0,9503.293742560267,0,1096.7306466621808,10600.024389222448
77177,0,13534.575430301224,0,2727.790136889245,16262.365567190467
77178,0,7016.584950955632,0,1654.3365400566945,8670.921491012326
77179,0,8170.336273308216,0,0,8170.336273308216
77180,0,6610.974835596925,0,3498.274690367335,10109.24952596426
77181,0,1960.3198900317957,0,0,1960.3198900317957
77182,0,19710.60162768699,0,237.330943071641,19947.93257075863
77183,0,16316.508319514727,0,3362.5874592112536,19679.095778725983
77184,0,3510.104759548888,0,2994.26405623433,6504.368815783218
77185,2975.02596851081,6085.924167894831,0,4377.325528804505,13438.275665210143
77186,283.721961542839,128560.7759106751,0,13945.610243619994,142790.10811583794
77187,0,8500.403102036837,0,1903.410336005643,10403.81343804248
77188,0,11906.291478536294,0,2338.359101587928,14244.650580124222
77190,0,7232.163122985402,0,1405.6815115822417,8637.844634567642
77191,0,17112.170692982658,0,606.364353903063,17718.53504688572
77192,0,14982.073333300952,10443.566661838657,6268.490123914182,31694.130119053792
77193,0,6835.699542351872,0,0,6835.699542351872
77194,4060.6683343037184,10680.195515980671,0,1403.7759021272161,16144.639752411607
77195,864.7015164159972,6585.679360821764,0,0,7450.3808772377615
77196,0,5475.600446387116,3306.9145211002115,1573.43415881199,10355.949126299318
77197,0,4052.288216511944,489.45220169790014,0,4541.740418209844
77198,0,8779.719085149383,0,1885.959103691666,10665.67818884105
77199,0,4745.783540352093,0,1433.745067425358,6179.528607777451
77200,0,4076.4078598811393,0,0,4076.4078598811393
77201,0,10525.940668110785,0,0,10525.940668110785
77202,0,8407.479815910945,0,0,8407.479815910945
77203,0,5340.525090332184,0,4094.4315705787862,9434.956660910973
77204,0,1391.1609940304902,0,1614.9257609992053,3006.0867550296953
77205,0,2557.37665043628,0,2184.200031731516,4741.576682167796
77206,0,5852.01479008642,0,0,5852.01479008642
77207,0,6792.993137974873,0,3642.60694531327,10435.600083288144
77208,0,10056.477577754493,0,2529.946553161331,12586.424130915824
77209,0,5495.641615146407,0,1607.6282835182,7103.269898664607
77210,423.886593870064,19839.285756454672,0,8775.13675094985,29038.309101274583
77211,0,17756.000422916983,0,3909.262523264539,21665.262946181523
77212,945.0303643508508,3220.191424011295,0,4360.283777513299,8525.505565875446
77214,0,3742.8239206546914,0,0,3742.8239206546914
77215,0,7445.775029607512,3453.6134082192457,2133.935269005374,13033.323706832132
77216,2632.6174684941516,10049.581231516258,0,3791.4912428919647,16473.689942902372
77217,0,14680.162515224883,0,2525.746123804624,17205.90863902951
77218,0,5766.656833769606,0,0,5766.656833769606
77219,0,14608.589749315975,0,1979.3936814193617,16587.983430735338
77220,0,5158.460800275866,0,0,5158.460800275866
77221,0,2199.5259712638153,0,8.94750703551139,2208.473478299327
77222,0,7512.398209946422,2642.2293386109372,0,10154.62754855736
77223,0,9259.169488368158,0,1340.649417046524,10599.81890541468
77224,0,4071.7270608416175,0,0,4071.7270608416175
77225,0,4169.992601075923,0,0,4169.992601075923
77226,0,10436.659611650728,0,1120.339997056468,11556.999608707196
77227,0,10703.88587338478,0,0,10703.88587338478
77228,0,6212.285944467641,0,0,6212.285944467641
77229,0,11489.680140379733,3885.348713149609,0,15375.02885352934
77230,0,6888.745310199933,0,0,6888.745310199933
77231,0,5699.278391437847,0,1887.5640100397693,7586.842401477616
77232,1073.82421756377,4401.239706635894,0,1444.093151010441,6919.157075210105
77233,0,2116.743034511418,0,1836.5986151166428,3953.3416496280606
77234,0,4117.995294820099,0,0,4117.995294820099
77235,3540.87762810917,9271.78569153392,0,454.125662322448,13266.788981965536
77236,0,6735.655302525306,0,1111.800948579866,7847.456251105171
77237,2282.901406401455,9159.89146856025,0,1338.3335517221635,12781.12642668387
77238,0,26288.22307532642,0,1905.973897233569,28194.19697255999
77239,0,21945.59973540472,4228.901410905573,1262.150315821913,27436.65146213221
77240,0,12768.204115219212,0,1260.5219188611193,14028.72603408033
77241,0,5347.776743848208,0,0,5347.776743848208
77242,0,4947.395484541015,0,840.5856730153671,5787.981157556383
77243,0,9609.83556547658,0,3066.796486938549,12676.632052415132
77244,0,14610.24227298324,0,0,14610.24227298324
77245,0,7164.522759653171,0,1209.0477033482375,8373.570463001408
77246,0,15261.749093574532,0,3149.057937004536,18410.807030579068
77247,0,6505.218295971538,0,0,6505.218295971538
77248,0,4428.5277494401935,0,997.6466770622588,5426.174426502453
77249,0,2801.940956434746,4291.4196254537665,5569.197917744799,12662.558499633313
77250,0,1704.223629093897,0,2292.7440457180187,3996.967674811915
77251,5960.656253445171,8504.691914686964,2733.221546445023,12598.4399027556,29797.00961733276
77252,0,7377.516381260235,0,1000.17331462501,8377.689695885247
77253,0,5381.705831481334,0,0,5381.705831481334
77254,0,6519.5893008480425,0,0,6519.5893008480425
77255,0,2259.477945025744,0,1047.4673014889993,3306.945246514743
77256,0,4828.9915697634715,0,0,4828.9915697634715
77257,0,12609.112715769712,0,1236.2757274323535,13845.388443202066
77258,2646.039934504545,4231.202353255504,496.4091106959757,7544.95958701631,14918.610985472336
77259,0,3491.620312457569,0,0,3491.620312457569
77260,0,5255.188246529099,0,1382.530821020135,6637.719067549234
77261,0,20749.949071261137,0,1936.247033668316,22686.19610492945
77262,0,25632.312950579668,0,2839.790020220106,28472.102970799773
77263,0,6287.022861198875,0,0,6287.022861198875
77264,0,26091.45095927384,0,4302.490344025433,30393.94130329927
77265,0,3770.5183430586585,0,471.58119857096,4242.099541629618
77266,0,7791.539022922679,0,0,7791.539022922679
77267,0,3439.393011298803,0,1345.859181824983,4785.252193123786
77268,0,5902.434925005447,0,3079.922182668387,8982.357107673834
77269,0,11074.28941343976,0,832.4047808424542,11906.694194282214
77270,0,7950.760320899928,0,0,7950.760320899928
77271,0,6222.057207137693,0,0,6222.057207137693
77272,0,14834.870627115071,0,2818.4595493406896,17653.330176455762
77273,0,5539.4011840154235,2.17058816991885,0,5541.5717721853425
77274,0,7863.258681956589,0,0,7863.258681956589
77275,0,3143.711832316443,0,0,3143.711832316443
77276,2558.472029104583,8239.63162006595,0,8614.074233876458,19412.177883046992
77277,0,8502.614911542847,1491.2229803554628,0,9993.83789189831
77278,0,6108.294112937009,0,4676.619928249727,10784.914041186736
77279,7199.367869954469,10541.835557129774,0,3981.351555634631,21722.554982718873
77280,0,2548.622102235342,0,699.8267125799539,3248.448814815296
77281,0,3618.0235857847624,0,213.163166440498,3831.186752225261
77282,44.42074547599,2242.4404073549094,1463.9154835565412,3081.0272238154766,6831.803860202917
77283,0,11733.736762772873,0,0,11733.736762772873
77284,0,11793.768696680398,0,16416.52044765671,28210.289144337105
77285,0,6429.659664586993,0,5310.9694661233225,11740.629130710317
77286,0,3921.4444734565513,0,862.06147855089,4783.505952007441
77287,0,4738.022856763426,0,0,4738.022856763426
77288,0,15162.644451493825,0,17881.548869612598,33044.19332110642
77289,0,8945.579520233916,0,2525.195352342708,11470.774872576623
77290,0,4654.436817869222,0,131.7636442247905,4786.200462094012
77291,0,3366.382621282519,3871.695375235912,11485.059593379803,18723.137589898233
77292,0,7214.130513244911,0,0,7214.130513244911
77293,3421.97279107642,4923.558853489846,0,0,8345.531644566267
77294,6326.516067433863,23209.119190406953,5896.34501995604,7242.9205884006515,42674.90086619751
77295,2023.45322945714,8327.038706874744,0,0,10350.491936331884
77296,1749.7158052758025,10450.914998189655,0,5686.327649896558,17886.95845336202
77297,0,9255.346099496934,0,5917.635797892836,15172.981897389767
77298,0,2984.5172131822337,0,0,2984.5172131822337
77300,0,2983.198125117003,0,1557.4428319198987,4540.640957036902
77301,0,5485.052946127662,4450.830139553737,0,9935.883085681398
77302,0,4494.473223241187,0,2541.04879722531,7035.5220204664965
77303,0,8627.080016009546,0,0,8627.080016009546
77304,0,4898.290916244156,0,0,4898.290916244156
77305,1944.79134017721,16473.45002134292,0,3832.399211763016,22250.640573283144
77306,3529.54333386193,9567.853169857597,0,922.353760860348,14019.750264579874
77307,0,8373.088165369158,0,1296.7206413691251,9669.808806738285
77308,0,9859.038808456757,0,119.405613114258,9978.444421571015
77309,0,4331.671556495669,3244.274675164569,2151.317578870035,9727.263810530274
77310,0,4979.538104976394,0,2156.26964036874,7135.807745345133
77311,0,13262.539425932737,0,4858.9880828993755,18121.52750883211
77312,0,6647.369048817398,0,1018.385043002094,7665.754091819491
77313,0,2444.23318603593,0,2106.30053464317,4550.5337206791
77314,0,9900.146695117135,0,0,9900.146695117135
77315,0,5142.834525024492,0,1604.5868732507888,6747.421398275281
77316,0,33100.97256567269,0,4858.70698438724,37959.679550059926
77317,0,14058.514269105108,0,2123.058655725404,16181.572924830512
77318,0,17728.433204511955,1562.6808215912502,418.5688460137978,19709.682872117
77319,0,5514.47600427993,0,281.930035755789,5796.406040035718
77320,0,9438.354591310726,0,2318.8107333491635,11757.165324659893
77321,0,8761.105660366686,0,1312.726272873754,10073.83193324044
77322,0,7988.6905080935885,0,308.965760316712,8297.656268410301
77323,0,3878.84419073526,0,0,3878.84419073526
77325,0,4751.9863221008545,0,0,4751.9863221008545
77326,0,7001.642948820771,0,2669.1698775716713,9670.812826392443
77327,0,20655.720623880676,0,3905.359019819961,24561.079643700636
77328,0,7357.42064839479,0,3447.466879316364,10804.887527711157
77329,0,9372.463282064125,0,0,9372.463282064125
77330,0,5870.291709962725,0,3895.7428233786777,9766.034533341402
77331,0,1912.5933948081547,0,1695.7654887531316,3608.3588835612863
77332,0,3606.0376721233015,0,48.7758557249794,3654.813527848281
77333,4345.094450145747,11612.75369133922,0,7125.395542048957,23083.243683533925
77335,0,10654.820300442349,5275.9868599223555,0,15930.807160364704
77336,0,5533.144014852523,0,1760.1864911006862,7293.330505953208
77337,762.118055655391,5660.528832929189,1295.7674875481543,9066.985759280353,16785.40013541309
77338,0,4315.045581018476,0,0,4315.045581018476
77339,2601.16705225309,13802.63062350604,0,1959.9786682742167,18363.776344033347
77340,0,10075.923309677552,0,0,10075.923309677552
77341,0,10382.016201963674,0,1072.78036371185,11454.796565675524
77342,0,6099.092066193033,0,0,6099.092066193033
77343,0,11284.397215524075,0,0,11284.397215524075
77344,0,9198.8485864868,1419.42113953414,1491.066276248347,12109.336002269289
77345,0,5898.133022179383,0,2597.092476487241,8495.225498666625
77347,0,13105.407917114508,0,2315.905723028258,15421.313640142766
77348,0,3330.314319064769,0,0,3330.314319064769
77349,0,6539.308094043795,0,3901.1146335306817,10440.422727574476
77350,0,12913.150372925644,4084.07165698752,9528.089308640712,26525.311338553875
77352,0,7711.53350519089,0,1664.857922394128,9376.391427585018
77353,0,8329.844034630007,0,121.718888108282,8451.562922738289
77354,3229.44660999678,11622.991764748444,0,0,14852.438374745225
77355,0,5910.702552441488,0,0,5910.702552441488
77356,0,2675.906839917658,0,1333.653501733151,4009.5603416508097
77357,0,12123.87128894896,0,5443.351510552876,17567.222799501837
77358,0,3427.5203916364135,3155.763066385206,1897.588126723366,8480.871584744986
77359,456.615754151795,9049.24599297248,0,772.59675565429,10278.458502778563
77360,0,8140.226525255443,0,1043.9441191145202,9184.170644369962
77361,0,11098.176015189694,0,1013.4384142656,12111.614429455294
77363,2452.9193321667785,3078.2620141077177,0,3028.447359129504,8559.628705404
77364,0,4589.25639342616,0,963.8292302040701,5553.08562363023
77365,0,4078.7586454212833,0,811.2817489457998,4890.040394367083
77366,0,945.081207803458,0,977.82186550802885,1922.9030733114869
77367,0,10783.87252376748,0,2292.00396001201,13075.876483779492
77368,0,4248.601756184709,0,3108.801667015476,7357.403423200185
77369,0,5133.810098944828,0,165.1468508407768,5298.956949785605
77370,6303.056835175947,15255.407871421095,0,0,21558.46470659704
77371,0,13454.022124976773,0,881.736467626232,14335.758592603004
77372,2552.9374831846317,7683.625321561849,0,2116.513466192104,12353.076270938584
77373,0,5643.653108033986,7700.033727013616,13241.760707913534,26585.447542961138
77374,0,7669.2099796164885,0,1643.014676037692,9312.224655654181
77376,0,2660.1200504630283,0,1601.3823926174807,4261.50244308051
77377,0,10267.685823130303,0,5777.754909294212,16045.440732424517
77378,0,4278.786224430597,0,1939.441557233266,6218.227781663863
77379,0,22315.176206175172,0,8442.965598152814,30758.141804327985
77380,0,6011.482035112436,0,0,6011.482035112436
77381,0,10070.77716920336,0,3118.859788716938,13189.636957920298
77382,3325.7757194090204,8603.48719614656,0,3434.670135817023,15363.933051372604
77383,0,8656.676602171385,0,4201.363060788281,12858.039662959663
77384,6741.068729817879,8798.327451096306,0,5066.625288576073,20606.021469490257
77385,0,13210.327960336632,0,1135.85115866148,14346.179118998112
77386,0,4208.386720347392,0,2158.555208689436,6366.941929036828
77387,0,11612.355276880524,0,127.49765043818,11739.852927318703
77388,0,5657.085386239827,0,1405.362567247993,7062.44795348782
77389,0,4449.230925019513,0,3964.17493276661,8413.405857786121
77390,0,11692.259028499428,0,3188.6538027947986,14880.912831294228
77391,0,5047.3956692918355,0,2073.028373200878,7120.424042492714
77392,0,1296.122405868228,2528.623821802687,2382.58417787256,6207.330405543475
77393,0,4957.222413573227,2112.0054533207776,712.9505186015055,7782.17838549551
77394,0,7815.437039277446,0,61.025364947220545,7876.462404224667
77395,0,5631.109965548791,0,474.807898736202,6105.917864284993
77396,0,6122.623229336706,0,0,6122.623229336706
77397,0,12475.601361299896,0,167.88425756480729,12643.485618864705
77398,0,10466.328002401022,0,0,10466.328002401022
77400,0,5468.409438294463,0,761.3465523583245,6229.755990652788
77401,1033.8418110465884,7536.751180583968,0,2934.512477089832,11505.105468720389
77402,0,10876.598531149655,0,2000.97636240013,12877.574893549789
77403,0,9751.94976627795,0,1064.3668522960268,10816.316618573976
77404,0,4231.002226404666,0,3280.777724806745,7511.779951211412
77405,0,14092.066059194782,0,190.251404668035,14282.317463862815
77406,0,11907.235492725713,0,498.171956040881,12405.407448766591
77407,1733.34906244827,9028.914301728151,0,13805.600016274564,24567.86338045099
77408,0,1418.92508626498,0,1119.44424397233,2538.3693302373104
77409,0,9556.586294449839,0,1862.081364687378,11418.667659137216
77410,2056.786569234506,6339.903917085077,0,0,8396.690486319583
77411,0,4608.941926783427,0,1800.600550115867,6409.542476899294
77412,1940.75706064974,2547.283372635722,1594.298208787574,782.25426849865,6864.592910571687
77413,17.5092201308095,4273.089344205745,0,0,4290.598564336555
77414,0,15079.932936284324,0,3166.250612462636,18246.18354874696
77415,4782.717352198998,6247.319465094824,0,6666.988921571897,17697.02573886572
77416,0,4166.596474532316,0,2494.974524442016,6661.570998974332
77417,0,5532.545875699131,0,0,5532.545875699131
77418,0,8328.402660093341,0,0,8328.402660093341
77419,0,1336.3925616917488,0,1560.9550291899193,2897.347590881668
77420,0,6084.139787028015,2334.804706093428,130.155040342953,8549.099533464398
77421,0,14686.199370177912,0,0,14686.199370177912
77423,0,5749.864227859518,0,0,5749.864227859518
77424,0,13122.08422404633,0,0,13122.08422404633
77425,0,6837.10006565378,0,791.8422857721987,7628.942351425979
77426,0,6421.719441504373,0,277.332949709868,6699.052391214242
77427,0,927.3724179663092,0,2810.279267688983,3737.651685655292
77428,0,4191.810555248423,0,0,4191.810555248423
77429,0,4362.074691754823,0,0,4362.074691754823
77430,0,4368.741482958301,1131.8913309297238,0,5500.632813888025
77431,916.0856652361341,18315.306108694676,0,1915.943148396724,21147.334922327533
77432,0,12412.456118765622,0,0,12412.456118765622
77433,0,20765.932454231504,0,16.1992447185169,20782.131698950023
77434,0,4189.69171675123,0,758.5781881813431,4948.269904932573
77435,1570.03948667162,4529.45763465762,0,0,6099.497121329239
77436,0,7378.635646241519,0,1026.902991368901,8405.538637610418
77437,0,8922.40883400268,3642.610769101733,4657.265848136506,17222.285451240918
77438,2469.671967163228,7370.878560944601,0,1217.6961844849925,11058.24671259282
77439,0,8402.634528764918,0,1599.230087122848,10001.864615887767
77440,0,5252.733626258132,0,0,5252.733626258132
77441,0,4460.163661045457,0,627.7105022758502,5087.874163321308
77442,0,5856.936113144878,0,2301.7232200019207,8158.659333146798
77443,0,4046.641398068727,0,22.7897298200976,4069.431127888825
77444,0,10728.961411130702,2866.410897463893,869.15605690986,14464.528365504457
77445,0,13313.279642793204,0,8028.118813261823,21341.398456055023
77446,0,5724.653129072369,0,484.87772556702,6209.530854639389
77447,0,8106.3673060546525,0,2980.127148631359,11086.494454686012
77448,0,2094.093742280896,0,1504.9663404645107,3599.0600827454073
77449,1492.6234356104078,7318.56155356704,0,4236.963553192173,13048.14854236962
77450,0,1223.8927180649246,5086.17939271221,4668.953884913545,10979.02599569068
77451,0,4642.678926190305,0,5926.548939947514,10569.22786613782
77452,0,6163.773921989169,0,0,6163.773921989169
77453,2550.2240527487825,20171.16305454626,0,306.61156798005595,23027.9986752751
77454,0,5806.934378017355,0,391.948738081029,6198.883116098384
77455,0,11754.135665976904,0,4137.700313178533,15891.835979155436
77456,0,7165.099542243669,0,979.903116461301,8145.00265870497
77457,0,5261.285981140766,0,1344.400623933695,6605.686605074461
77458,5049.23913995954,24317.51567017662,0,4695.750525798874,34062.505335935035
77459,0,20240.264182278817,0,1500.11773332537,21740.381915604183
77460,1090.25251211967,8734.129090749564,0,1730.284932025892,11554.666534895126
77461,0,4426.1715773694095,0,2277.270156445016,6703.441733814425
77462,0,7356.001670618589,4077.90959478918,0,11433.911265407767
77463,0,3979.05386546677,0,490.8296205282607,4469.88348599503
77464,0,7788.768505841902,0,3083.5433390442454,10872.311844886148
77465,0,12029.779756047696,0,1961.701825148966,13991.481581196662
77466,0,3474.467136400392,0,0,3474.467136400392
77467,0,6000.104531560272,0,1486.268400999267,7486.37293255954
77468,999.9659141195305,7345.31584985192,0,9847.467757000204,18192.749520971654
77469,0,5515.4027617113625,0,801.7476273026789,6317.150389014041
77470,0,10222.73015191854,3672.674353825734,4107.047442200842,18002.451947945116
77471,0,6982.060982780516,0,2306.8851633697,9288.946146150216
77472,0,5491.703996664764,0,1964.898738455812,7456.602735120576
77473,0,9167.930128164768,0,0,9167.930128164768
77474,0,6748.360534053632,2376.9306366742826,1448.48598892614,10573.777159654055
77475,0,11722.932690938907,0,281.336816830131,12004.26950776904
77476,0,5315.364765869607,0,1886.65025988982,7202.015025759427
77477,2829.4591472336674,8697.511166239608,0,373.6842870852388,11900.654600558517
77478,3508.2328616886,11300.139258761368,0,216.978656564955,15025.350777014924
77479,0,1997.9997389161172,0,5096.322556355279,7094.322295271396
77480,3657.8477038427,6907.780857436065,0,0,10565.628561278763
77481,0,5578.181600313623,0,0,5578.181600313623
77482,0,12962.81569363926,0,414.4337382078861,13377.249431847147
77483,0,11760.305878311605,0,2621.2535035959963,14381.559381907598
77484,0,2776.3515563739197,0,2466.4774982237213,5242.8290545976415
77485,0,8518.612452550378,0,3136.8033413698654,11655.415793920243
77486,0,13309.833327597276,4005.223079300709,3085.334556643806,20400.39096354179
77487,0,7940.34910269015,0,4567.611471194856,12507.960573885008
77489,0,7113.832189200861,0,1158.5895588781782,8272.42174807904
77490,0,6564.595142624576,0,0,6564.595142624576
77492,0,9715.801642827893,0,1107.83348350261,10823.635126330504
77493,0,9670.068180354743,0,0,9670.068180354743
77494,0,17629.446530606863,0,3609.3553844416897,21238.801915048552
77495,4316.925376543156,13338.05682952276,1326.45181828325,4174.159001435601,23155.59302578477
77496,0,2803.747697004119,0,2096.658597322288,4900.406294326407
77498,0,2066.9026168494106,0,1669.7012993651,3736.60391621451
77500,0,10553.13475537203,0,2207.843062137688,12760.977817509718
77501,0,12141.775248486978,0,1740.707111907574,13882.482360394552
77504,0,15200.402335513372,0,2725.8859784791,17926.28831399247
77505,2915.12116750961,7787.268285463357,0,856.4930127330855,11558.882465706054
77506,0,13793.360992684602,0,0,13793.360992684602
77507,0,9964.779105077534,0,5726.30789174678,15691.086996824311
77508,0,15262.986792100128,2068.0602044490083,3640.118674107174,20971.165670656308
77509,0,13403.82711407941,0,0,13403.82711407941
77510,0,6281.862183787605,0,0,6281.862183787605
77511,0,5769.837027872897,0,0,5769.837027872897
77512,0,4975.71607405338,0,199.458559550495,5175.174633603875
77513,1855.327904022447,4929.869043798391,1357.77764287732,4870.934526311561,13013.90911700972
77514,2536.988712349984,10164.763344533185,899.0672845096152,10742.162876625673,24342.982218018456
77515,0,4933.659308597452,0,2484.3948673117047,7418.054175909157
77516,0,7618.352299869947,0,1787.348447960266,9405.700747830211
77517,2245.5959424000384,12389.132630581376,0,4050.3111406029466,18685.03971358436
77518,0,6898.000945725446,0,1762.115152453692,8660.116098179138
77519,0,25308.289023657424,0,0,25308.289023657424
77520,3349.94369095763,8713.478937965356,0,3190.531618002114,15253.9542469251
77521,17.6493452815701,3736.203193570479,1839.7182338341547,564.737381494177,6158.30815418038
77522,0,8677.05128832597,0,0,8677.05128832597
77523,0,4964.93502312554,0,0,4964.93502312554
77524,0,9072.496637828992,0,0,9072.496637828992
77525,0,127.483637143654,0,2288.306897820729,2415.790534964383
77526,0,3345.9067425993253,0,1618.859037885166,4964.765780484491
77527,0,10235.82129461322,5447.644894603205,5156.762105131746,20840.22829434817
77528,0,3935.5917104774626,0,0,3935.5917104774626
77529,0,9075.077235376964,2715.05012304102,1854.2278105662451,13644.355168984228
77530,0,8881.897069244027,0,6540.978602762847,15422.875672006874
77531,0,15090.633879282414,0,1329.386959712167,16420.02083899458
77532,0,5441.028746495305,0,0,5441.028746495305
77533,0,3870.019510877348,0,2077.168055057973,5947.187565935321
77534,0,6705.6369137419015,2616.806470160861,0,9322.443383902762
78003,5447.178774023416,16134.236894460655,5695.539991495654,3643.8622725323175,30920.817932512044
78005,0,5036.551226507377,1060.2286342902266,8069.280562367625,14166.060423165229
78006,0,3521.6815250322993,0,1771.930205216706,5293.611730249006
78007,813.46975792213,529.0607039985742,0,1721.036154978533,3063.5666168992375
78009,5065.066731618299,2936.9220864984773,1813.341512535519,9435.463980666418,19250.79431131871
78010,0,5170.04161434294,0,3092.9969203837795,8263.03853472672
78013,0,3797.9141521612887,0,584.840831912756,4382.754984074045
78015,0,5500.320472627881,0,12569.08269900356,18069.40317163144
78020,0,7582.2262506760435,0,2052.773492148752,9634.999742824797
78029,1612.0519494325813,3538.559345789326,0,8719.994184276207,13870.605479498114
78030,0,14166.386738373252,0,0,14166.386738373252
78031,0,3106.928022144235,0,2137.853171550036,5244.781193694271
78033,0,1185.9722288091612,0,2484.6947489424847,3670.6669777516454
78034,0,3053.653060276836,0,2505.6209363073754,5559.273996584212
78036,0,89.3796619412013,0,3779.2775889869167,3868.657250928118
78043,6458.83052321728,5994.820110841158,0,6970.981348290902,19424.63198234934
78048,0,4966.819752475815,800.579291214332,4569.714834826218,10337.113878516366
78049,0,595.630266805744,0,5305.644010194066,5901.27427699981
78050,0,5121.9722372125625,186.528188986488,0,5308.500426199051
78053,0,2612.764634512116,0,0,2612.764634512116
78057,0,5454.811165601405,0,1537.5932807105382,6992.4044463119435
78062,0,11026.520187998083,0,4516.765296092426,15543.285484090513
78068,3429.41954294866,4580.05907940728,0,881.5487797166089,8891.027402072548
78070,0,2350.145159666819,0,396.928785922159,2747.073945588978
78071,0,4333.037123587452,2079.364532245753,1583.9855322880148,7996.387188121219
78072,0,2930.2026555871535,0,1548.36458722625,4478.567242813404
78073,665.7553872846639,2669.419548056882,447.9238178762648,7030.498563776297,10813.597316994106
78076,0,3823.480169792396,0,712.851994006134,4536.33216379853
78077,0,8171.663331753235,0,7426.608835036922,15598.272166790155
78082,0,2800.5611590368535,0,1358.9271141083111,4159.488273145164
78084,0,2254.9279547915694,0,2201.738263631879,4456.666218423448
78087,0,7539.7305659761505,0,2462.694105185928,10002.424671162078
78089,4814.416914161123,5698.666697990383,0,3156.841458076892,13669.925070228395
78090,2176.508322436297,4150.142462941796,0,1189.2339226433753,7515.884708021469
78092,0,5089.198788679996,0,3788.8607878963794,8878.059576576376
78096,0,4636.313046099213,0,3405.268197230824,8041.581243330038
78104,0,1857.48493861322,0,272.538251128092,2130.023189741312
78107,0,13287.004680116564,0,2599.7295938512493,15886.734273967812
78108,0,9720.582273778005,0,1736.4116043230488,11456.993878101051
78113,0,4667.864353143207,0,3766.1388921330135,8434.00324527622
78117,0,4464.577143434386,746.320095398781,3757.394973039317,8968.292211872484
78118,2460.083376184702,2982.7587060117457,0,6799.216765957272,12242.05884815372
78120,0,16789.21934364002,0,562.118190295289,17351.337533935308
78123,0,7328.439057615547,0,0,7328.439057615547
78124,2628.920737529139,3337.3220076238126,0,8031.06869535992,13997.311440512873
78125,0,12126.544145765149,0,0,12126.544145765149
78126,3404.343785902115,7771.522400161829,46.5125161877573,7808.304471242672,19030.683173494373
78128,0,15172.803203501926,0,0,15172.803203501926
78133,2564.4347014106397,3435.641724653492,0,4474.171873847392,10474.248299911524
78138,0,4956.140495699022,0,2225.4461710143637,7181.586666713385
78140,808.443935552673,100.387612773431,0,5345.682746899011,6254.514295225115
78143,0,5365.774422942582,0,2316.8905062682156,7682.664929210799
78146,0,6393.290080250017,0,5142.455618220937,11535.745698470952
78147,852.142384320163,2267.3301810997427,1707.8871108895587,1144.201019890997,5971.560696200462
78152,0,5696.630037446522,0,3115.159922322524,8811.789959769045
78158,2726.323258918138,9252.344237708352,139.876156886935,12947.539178718282,25066.08283223171
78160,0,10046.776164515952,0,567.1318215979825,10613.907986113934
78162,0,8838.444033802663,0,456.723368628025,9295.167402430689
78163,0,3089.3636856351127,0,3855.833924853222,6945.197610488334
78164,0,9770.982380621015,0,1845.263507898144,11616.24588851916
78165,0,4068.4511034744346,179.171501136774,5379.874836112652,9627.497440723859
78168,0,1524.4579600665206,3435.548685292248,2270.3115945288428,7230.3182398876115
78171,0,7850.058020091896,0,3144.218835212885,10994.276855304784
78172,0,7717.214145449934,3166.371077835773,12547.457159907666,23431.042383193373
78185,0,1184.640577055086,0,1621.97167525367,2806.612252308756
78188,0,3119.643707962344,0,1843.2362118881952,4962.8799198505385
78189,0,9579.066412902483,0,2845.7181505416197,12424.784563444102
78190,0,2793.4801302167407,0,486.86510822318246,3280.3452384399234
78192,0,10882.33130923484,0,4382.089810072825,15264.421119307664
78193,0,6172.134030829212,0,0,6172.134030829212
78194,0,1687.9498191623811,0,601.713802856864,2289.6636220192454
78196,0,953.1245262622342,0,2092.4867089899662,3045.6112352522005
78202,0,4608.392188153421,0,1416.5357543178511,6024.927942471271
78206,2785.6112812593683,5362.065054299586,0,7578.161405885987,15725.837741444942
78208,0,9325.213139469626,955.9699167744848,6092.981120068915,16374.164176313025
78209,0,8013.674827160588,0,4433.7631920190115,12447.4380191796
78217,2355.86907230536,11662.718141085028,0,6152.683892268745,20171.271105659132
78220,0,11021.311144271953,3960.1784115895425,3789.7658608428646,18771.255416704356
78224,0,3934.321928307108,0,4799.774819422574,8734.096747729682
78227,0,2916.1442290463115,0,2520.491099888247,5436.635328934559
78230,0,0,0,2189.4904108967653,2189.4904108967653
78231,0,1644.389246660559,0,1248.61362460735,2893.0028712679086
78233,675.119750587228,7331.757436593267,0,6962.235035368718,14969.112222549214
78234,0,1363.6019261938484,0,2580.9603727244285,3944.5622989182766
78236,0,3121.589816080565,0,1101.735561485374,4223.325377565939
78237,0,1296.700043613954,0,542.494768655297,1839.194812269251
78238,1905.263745765052,5623.8189617008875,0,3438.6848256126304,10967.76753307857
78239,0,4733.671942705567,0,3970.3502934989792,8704.022236204546
78242,0,2664.220013880996,0,4461.328956006247,7125.5489698872425
78245,0,1.55268667058195,0,2905.860903123658,2907.4135897942397
78246,0,8588.718585297005,0,3587.308576047568,12176.027161344571
78255,0,8912.36928497079,0,3775.842498345273,12688.211783316065
78261,0,1126.747797006405,0,3696.208578982631,4822.956375989037
78262,0,2490.198972844336,1648.5350712206964,3088.026125084978,7226.7601691500095
78263,0,19234.436744196624,5645.588957211139,686.300364828945,25566.32606623671
78264,0,5140.06340581374,0,0,5140.06340581374
78265,0,7020.076113688084,0,2224.5586644079767,9244.63477809606
78267,0,8000.582260072864,0,4528.068877095143,12528.651137168006
78269,0,13323.04242407962,0,3042.444464129689,16365.486888209309
78276,0,4632.137101824777,0,3571.516052531265,8203.653154356041
78278,0,3845.4854422992807,0,2492.493601605024,6337.9790439043045
78281,0,4187.876168123867,0,1547.822121600504,5735.698289724371
78283,0,4138.222013718324,0,3148.363850967143,7286.585864685468
78285,0,5063.288752965405,0,3351.8058436387128,8415.094596604118
78289,0,11771.544152616952,50.329346739862,3742.4063367176313,15564.279836074444
78290,0,2740.2636523932388,0,1734.0913334897484,4474.354985882987
78291,2488.01162251753,7692.977549754924,0,2616.764814738627,12797.75398701108
78296,0,1030.5189069698667,0,5017.530864405185,6048.049771375052
78297,0,7512.187994285203,1526.149091714958,13521.633317280068,22559.97040328023
78299,0,3791.1969843163974,0,2162.973153732547,5954.170138048945
78300,0,5993.316180494191,0,0,5993.316180494191
78302,0,0,0,2348.545038871533,2348.545038871533
78305,0,1537.3018408936273,0,4576.182745000753,6113.48458589438
78307,0,9403.25471349543,0,0,9403.25471349543
78310,0,12205.129275787309,1751.02467277957,5439.744728104347,19395.898676671222
78311,0,3997.9931693897975,0,4695.078230404773,8693.071399794571
78314,0,2407.946605832076,0,2643.596781751104,5051.54338758318
78317,0,1490.471323526323,0,4847.2765851197255,6337.747908646048
78320,0,11429.135847556285,0,1817.9502535462352,13247.08610110252
78321,0,13907.254292768906,2871.159645274486,1102.739442069706,17881.153380113097
78322,855.7675138427769,8106.950931139247,1403.6950479576071,9599.036101298016,19965.449594237645
78324,0,2041.0993228726504,0,1688.956914675818,3730.056237548468
78325,0,3515.519631318133,0,4526.852611270685,8042.372242588817
78327,0,2875.4887716355,0,6107.261326667209,8982.75009830271
78329,0,3129.3534683929524,0,781.371425189009,3910.7248935819616
78334,0,1943.278413121088,0,3694.668366442252,5637.946779563339
78335,0,11308.881142890752,0,7253.5969578698305,18562.478100760585
78337,0,6745.320072844754,0,2734.697350073611,9480.017422918365
78343,0,1546.2874359283264,0,2564.503065173889,4110.790501102216
78344,0,5316.817980997861,0,1491.8064286374613,6808.624409635322
78346,0,10266.705639744006,0,1037.118264004533,11303.82390374854
78349,6259.951253523646,5675.549358802465,0,359.94580531118004,12295.446417637291
78350,0,2626.270755374029,3651.612228586396,3017.8030371504,9295.686021110823
78354,0,2639.7923395655416,0,0,2639.7923395655416
78356,0,11563.731293427803,0,5080.93662691363,16644.66792034143
78358,0,3531.4256105750787,0,9005.50548851096,12536.93109908604
78361,0,5702.945649903689,0,13374.541564659094,19077.48721456278
78362,3148.338840607935,10369.5746757577,0,7843.408493926213,21361.32201029185
78364,0,3591.330174501243,0,1582.9914852607517,5174.321659761995
78366,0,2759.1740354928033,1207.43927480206,0,3966.6133102948634
78367,0,789.2376350299927,0,1531.7424334474947,2320.9800684774877
78368,0,3765.9138189704504,0,1448.5409771938166,5214.4547961642675
78372,0,6933.493431162081,917.4476756732829,4312.172280012005,12163.11338684737
78380,0,8291.447406712387,0,8061.847940351919,16353.295347064304
78381,0,7761.765027446987,3138.190050764548,384.443185344346,11284.398263555882
78382,0,2043.1705415322997,0,2867.365522299299,4910.536063831599
78383,0,3554.308274760164,733.8527931818089,5598.140197665498,9886.301265607472
78384,0,4206.108651192134,0,1024.0830481599169,5230.191699352051
78385,0,2200.9009383157545,0,804.315578813262,3005.2165171290167
78389,0,10677.04170740214,2333.260887260983,4548.866848563759,17559.169443226885
78391,0,144.37287927537452,0,2312.196752096322,2456.5696313716967
78396,1205.344453653152,4661.481054249077,0,1719.91994512124,7586.745453023469
78397,0,6440.421457895857,0,1662.3197350644598,8102.741192960317
78398,0,3985.279558155455,0,1638.7879408614133,5624.067499016868
78401,0,5425.297512289069,0,5663.263927581914,11088.561439870984
78402,3369.16473682484,5980.851204317491,0,1518.018161482844,10868.034102625174
78403,0,1944.900034910714,0,949.6941793591694,2894.594214269883
78404,0,1949.706428657832,108.968568390628,481.53442735744903,2540.2094244059094
78406,0,2240.495979448162,0,1267.5311558033873,3508.027135251549
78407,0,4966.15646526829,0,3207.026081119075,8173.182546387365
78410,0,5574.076722388805,0,4057.707189298558,9631.783911687366
78413,0,1881.540680448952,0,3596.986949293214,5478.527629742166
78415,0,1165.680738990216,0,3341.2653585662074,4506.946097556423
78416,0,1804.4204631630448,0,121.77543234387308,1926.1958955069176
78417,0,1627.5636840315542,0,5618.72565915281,7246.289343184364
78418,3018.17018022171,5141.278887203926,0,5238.1976311785875,13397.646698604223
78420,0,3308.079237280525,0,1017.0291814370594,4325.108418717584
78423,1646.876191774278,6592.263958196718,5504.07027605366,19338.80308686558,33082.01351289023
78431,1482.5882141571,2177.99602783757,0,7690.18756235581,11350.77180435048
78437,0,4320.805194335919,0,2186.553561433633,6507.358755769552
78439,0,1792.872597877663,0,3540.1860501619494,5333.058648039612
78440,0,9842.402710473149,0,3878.3837103794526,13720.7864208526
78442,0,4302.112624220968,0,212.577503885662,4514.69012810663
78443,0,9199.661630926503,852.3145511889235,96.55075959314908,10148.526941708576
78444,0,3359.189994570123,0,3558.776087749872,6917.966082319996
78451,0,2171.957157770328,0,373.70465016220106,2545.661807932529
78455,2423.08972240575,5350.519819609399,0,3294.47976543913,11068.089307454278
78460,0,2179.9705103782626,0,961.0821483989519,3141.0526587772147
78464,0,3771.004849588329,0,3770.3723199781502,7541.377169566478
78465,0,9555.288114665527,0,6201.204976642916,15756.493091308446
78466,4849.992547516292,9272.158142446786,0,10496.982936172984,24619.13362613606
78470,0,8657.541846429336,0,4357.612408191943,13015.15425462128
78472,0,4798.996549444169,291.243511531422,1536.096023787166,6626.336084762757
78474,0,6044.85077345596,0,0,6044.85077345596
78475,0,1661.8763897436925,0,1079.487322807943,2741.363712551635
78478,0,0,2957.3750835891515,5182.736488135533,8140.111571724685
78481,0,7574.100382473366,1225.3398196675232,166.40062694810103,8965.840829088991
78484,0,4149.36722465753,0,6961.720665531195,11111.087890188724
78486,0,10454.270275563213,4480.351248222431,1708.1238177764549,16642.7453415621
78490,0,15238.346172678965,4437.085153352245,12680.829114004604,32356.26044003581
78497,0,11450.446505512507,0,4839.547637687324,16289.99414319983
78498,4249.1501203164735,14565.470733532402,0,14281.870740698756,33096.49159454763
78499,1565.879217258121,1057.599028598164,0,2194.796830702802,4818.275076559086
78501,0,3196.150328801084,0,856.881070370248,4053.031399171332
78502,0,1032.2989574960968,1831.627978764863,1210.3097860355033,4074.236722296463
78505,0,1709.2433892355782,0,6685.463204790196,8394.706594025774
78506,3001.75099226458,13489.984482976894,2758.372464172534,3482.555551023644,22732.66349043765
78513,0,6217.923838961727,4391.359565056742,1580.5449135613378,12189.828317579806
78516,0,3233.7022024581556,0,2316.9239714632467,5550.626173921402
78517,0,17643.814127267076,6785.247302240257,12678.944177507774,37108.005607015104
78518,0,1285.01301993408,0,0,1285.01301993408
78520,0,9894.585313364743,0,3013.418750866583,12908.004064231329
78522,0,8721.565568890917,0,1224.5234261417877,9946.088995032704
78528,1062.2342347565352,1611.070754309131,0,1924.718782058429,4598.023771124095
78530,0,2386.181428926293,0,831.9493587844532,3218.1307877107465
78531,6178.529557588687,6360.938378633576,0,4478.482517283882,17017.950453506146
78536,0,5295.456015814983,0,305.468565258806,5600.924581073789
78537,1589.636918175413,11259.918582335593,0,42.2355308800553,12891.791031391062
78545,2773.6163648313714,7904.758201755791,55.201180479463,4897.425310576553,15631.001057643178
78548,0,6468.701045975084,0,632.260300181029,7100.961346156113
78550,0,0,0,5076.852352841923,5076.852352841923
78551,4240.878514478919,17582.541588973683,13100.715313207776,24131.325321833396,59055.46073849377
78557,0,5662.937706963531,0,3790.1311205636234,9453.068827527157
78558,0,2833.5476538081107,0,2149.521330446479,4983.06898425459
78559,0,1347.7640538872938,0,1856.95046805118,3204.714521938474
78561,0,4237.935989059928,0,0,4237.935989059928
78562,0,15490.580395496252,0,3859.1247086215553,19349.70510411781
78564,6296.035857930432,8504.28242316328,0,1597.73284907064,16398.051130164353
78565,0,2337.5847079851233,0,0,2337.5847079851233
78567,0,3127.2741019295304,0,4761.439720409985,7888.713822339515
78569,659.7102439537332,4066.008479460485,0,3755.8931170327473,8481.611840446963
78571,2769.02278425949,8198.09508931389,0,5396.184066125793,16363.301939699171
78575,0,9768.877702268197,0,3512.715444389689,13281.593146657884
78576,0,5174.98780079535,0,2042.0396742245623,7217.027475019913
78586,0,5762.645964203443,0,10615.41797631306,16378.063940516502
78588,0,1495.3825423665842,0,1454.1145022661158,2949.4970446326997
78590,0,7113.3171494559,0,0,7113.3171494559
78591,0,10265.790598387855,0,1980.1997993687903,12245.990397756646
78597,0,3811.1157557508736,0,1615.122931276067,5426.23868702694
78601,866.815296840768,16840.20343529426,6335.004952067394,4635.989249926928,28678.01293412935
78605,0,3568.701335975204,0,977.4089073916992,4546.110243366903
78606,0,1610.9453077908029,0,3711.542703312119,5322.4880111029215
78608,0,0,0,2673.470699114405,2673.470699114405
78609,0,3173.450843052796,0,2181.06972248702,5354.520565539816
78615,0,10065.325534419026,0,1777.3606203768973,11842.686154795923
78616,0,7870.375343451403,0,0,7870.375343451403
78618,0,3151.8114673220057,0,7200.174455527475,10351.98592284948
78620,0,2721.6260880968557,0,1516.706927984044,4238.3330160809
78621,0,10445.913589683234,4628.0960389012325,15191.455668219667,30265.465296804137
78623,0,6981.967697769707,1215.54006256918,0,8197.507760338887
78624,0,15106.452807708429,0,3229.0463782863403,18335.49918599477
78638,0,9763.587314815142,0,1917.1767282936073,11680.764043108748
78640,4492.93556650006,9030.20096568747,1833.7893954224164,15257.953701375078,30614.879628985025
78642,0,4728.756779934788,0,7395.205118246875,12123.961898181664
78643,0,4558.096506223505,0,4340.054368832747,8898.150875056252
78644,0,1259.4767901685473,1168.6561108392011,3112.4885531006657,5540.621454108414
78646,1692.03835626619,21800.95798962739,5022.625245679959,11068.6392836125,39584.26087518604
78647,0,2939.101864138374,0,1967.085455722087,4906.187319860461
78650,0,6713.517719484302,0,8548.882057955008,15262.39977743931
78653,0,4413.828890272181,0,2473.307136177063,6887.136026449243
78655,0,6948.101862363646,0,746.178269375448,7694.280131739094
78668,4627.6250014897605,9367.78323594572,823.6205143427701,566.288506253261,15385.317258031511
78672,462.239579021434,3776.8469505421776,0,6496.792741792567,10735.879271356178
78674,0,11082.673313138315,0,3124.295176623204,14206.96848976152
78677,0,1825.826819545652,0,2443.0677535876857,4268.894573133338
78681,0,2748.1928721215377,0,2964.871436517399,5713.064308638937
78683,0,5616.763189082447,0,4242.716592324882,9859.479781407328
78686,1760.09975260729,3931.9899257201464,0,3697.9173025316736,9390.00698085911
78688,0,4279.902299962799,0,2251.130580968928,6531.032880931727
91001,0,7634.972357862094,0,1321.140206072192,8956.112563934286
91016,0,22764.89099652546,0,5634.732853584585,28399.623850110045
91017,2225.16917917745,6307.698912392324,0,944.0486886315781,9476.91678020135
91021,0,6758.468292251425,0,2458.322454824626,9216.790747076053
91022,0,0,0,5720.200551364517,5720.200551364517
91027,0,15329.819048803893,818.88727439354,7548.964915406501,23697.671238603933
91035,0,7034.601748490631,0,1566.84243520029,8601.4441836909209
91037,1747.654501028124,6211.9301645326295,0,0,7959.584665560754
91038,0,8126.262075760981,0,0,8126.262075760981
91041,0,7943.759309251779,0,1610.8072805036936,9554.566589755472
91044,0,6945.920966952031,0,4410.729129536184,11356.650096488214
91045,0,10459.401453057417,0,3276.3483839234837,13735.749836980898
91047,0,6457.080009240711,0,319.865219995401,6776.945229236112
91064,0,10703.58553586032,5704.282668943392,7062.76963133234,23470.63783613605
91067,0,5008.711420553356,0,2258.871256077853,7267.582676631209
91069,0,6907.803562978966,0,6234.151103800841,13141.954666779806
91075,0,3713.367117018331,0,0,3713.367117018331
91079,0,4126.691349891242,0,4650.449337141283,8777.140687032525
91080,0,4513.181121587695,0,1676.219844459278,6189.400966046973
91081,0,7954.5445479908685,0,3351.359637867498,11305.904185858366
91085,0,7333.960896659366,0,1607.3781453578072,8941.339042017173
91086,0,5960.943819050159,1636.952097409226,8524.066840825191,16121.962757284577
91093,0,3902.365640989761,0,1803.8846684116904,5706.250309401451
91095,0,8289.873384155173,0,953.9865633153848,9243.859947470559
91097,0,5803.759136398615,0,1521.254493323459,7325.013629722073
91098,0,7058.7401442583905,0,1898.8440470564829,8957.584191314872
91099,0,11416.910893110407,0,2544.1245526015,13961.03544571191
91100,0,11989.015034397147,0,1786.2471411499282,13775.262175547075
91103,0,9274.053532163689,665.9948513256526,8935.495542180848,18875.54392567019
91105,0,5610.377350945283,0,7767.559403529071,13377.936754474356
91106,0,2513.166512103573,0,2115.381547662268,4628.548059765841
91109,0,7183.433560331221,0,87.4813158578166,7270.9148761890365
91111,4594.28319440051,11580.974912703889,0,1853.8098043626628,18029.06791146706
91112,0,3453.6188809026235,0,746.750516035598,4200.369396938221
91114,0,7148.080362388875,1613.1673803748608,6290.353164082313,15051.600906846048
91115,0,13053.891213590883,0,0,13053.891213590883
91121,0,4472.347755634606,0,6515.802257063226,10988.150012697832
91122,0,4367.188732510346,0,2469.7916193927363,6836.980351903083
91129,0,9620.228334838717,0,5767.478509944864,15387.70684478358
91130,0,14511.156366060692,0,0,14511.156366060692
91131,0,3135.9091239618224,0,5228.073521276225,8363.982645238048
91132,0,5218.7171503892605,0,2062.099825258836,7280.816975648096
91135,0,5618.323362739093,0,3306.7973643928417,8925.120727131934
91136,4385.996238700231,9433.546978124536,0,3630.4430711990785,17449.986288023847
91137,0,6313.765122829793,0,1392.668704374422,7706.433827204215
91145,0,4157.589941198476,0,1016.63366483845,5174.223606036926
91148,0,3968.243963985752,0,0,3968.243963985752
91156,0,3025.526435670731,0,2537.601541013702,5563.127976684433
91159,0,8098.292430410054,0,2878.0599234305814,10976.352353840635
91161,5417.909638193322,6024.486600465099,0,2623.4998725501,14065.89611120852
91174,0,9972.743623937933,2873.378149458479,31313.066589137532,44159.18836253394
91175,0,5800.655771081397,0,7577.923692917312,13378.579463998709
91179,4154.622099542512,7538.895400476775,829.237604304577,7115.300619066441,19638.055723390306
91180,0,7100.043212930123,0,2584.7953626584085,9684.838575588532
91184,0,3257.674331094,0,694.109030347716,3951.783361441716
91186,0,1687.071812599409,0,4516.141457177914,6203.213269777323
91191,0,3432.408223568136,0,0,3432.408223568136
91195,0,7253.033990381535,0,1866.379283943444,9119.413274324981
91198,0,6193.0853675943235,0,2681.8811051060625,8874.966472700386
91200,1304.20398799308,19613.185928486557,0,6920.221081223048,27837.610997702686
91201,0,9737.910482035551,0,0,9737.910482035551
91204,0,2957.80736055514,0,3252.514529945846,6210.321890500985
91207,0,6029.714588599428,0,1633.9186628616462,7663.633251461074
91215,0,1393.15188841433,704.959061755193,4382.551734083706,6480.662684253229
91216,684.705875799914,4167.464521683402,0,4659.432906785748,9511.603304269063
91223,0,34164.86742540604,0,14420.981387306756,48585.84881271279
91225,0,4062.1043189431166,0,1237.4776243124288,5299.581943255545
91226,0,9970.953374851511,0,5354.191395791814,15325.144770643328
91228,2848.926125855191,17697.411732895893,6555.6512413042565,17393.593177953855,44495.5822780092
91232,0,5088.4858209137,0,1510.5326900498676,6599.018510963568
91235,0,3546.1031639566236,1762.285018314681,211.3248822426375,5519.713064513942
91240,0,3927.5767392341,0,923.422097729736,4850.998836963836
91243,0,9477.34572114743,0,1226.3229328065868,10703.668653954015
91244,0,3507.7272772769843,0,1380.193940927032,4887.921218204016
91247,0,3891.723449450714,0,5104.461365589142,8996.184815039855
91248,0,5131.2466617762775,0,0,5131.2466617762775
91249,2284.95651580257,9723.131993623738,0,500.86030284695624,12508.948812273264
91272,0,8753.35302183198,0,5817.314536184016,14570.667558015995
91273,0,6257.3056666114535,0,102.366481035792,6359.672147647246
91274,0,10288.922099664038,0,2408.8768058049004,12697.79890546894
91275,0,5065.579400660362,0,820.7432147187991,5886.322615379161
91284,0,9972.926165574061,0,0,9972.926165574061
91286,2043.451867542108,5187.385423003723,1989.855902817972,8370.135159147654,17590.828352511457
91292,0,2205.8225158235527,0,1055.05552634752,3260.8780421710726
91293,0,3502.926031546131,0,0,3502.926031546131
91294,0,8416.88531289269,0,3918.166857135839,12335.052170028528
91312,0,4493.567099050236,0,4306.127534832865,8799.6946338831
91315,0,10694.601950703294,0,1767.750645781178,12462.352596484472
91318,0,4087.6227865221217,0,655.3682121471776,4742.990998669299
91319,1656.145906613393,5613.1183604300295,0,2401.4619889442756,9670.726255987698
91326,0,5143.802866648244,0,3363.7355720327732,8507.538438681018
91330,0,7521.914881931951,0,2716.642123672768,10238.557005604718
91332,0,8337.610587870236,0,473.24430421062425,8810.85489208086
91333,0,0,0,3805.5658004258194,3805.5658004258194
91338,0,15879.415540044609,0,5622.59191831145,21502.007458356056
91339,0,2854.0918828748886,3441.2987646055963,6888.4418392026155,13183.8324866831
91340,2255.359332214627,9488.751032690478,1514.2471314133502,11878.016041017376,25136.37353733583
91345,285.681940606314,7579.111528810582,0,3034.7447179103465,10899.538187327242
91347,0,4288.856536882124,1199.76705898011,1973.944620242813,7462.568216105046
91359,0,11891.985129177694,0,4237.5362428496555,16129.52137202735
91363,3070.2818539484224,13730.272723465509,9505.33054981246,3227.3156758458736,29533.200803072265
91374,0,2841.912697684642,0,592.122944938302,3434.0356426229437
91376,0,8079.675256779217,0,2475.355901971822,10555.03115875104
91377,2348.56614207165,19392.4166900717,0,9154.975270683764,30895.958102827113
91378,0,0,0,1953.5575587111623,1953.5575587111623
91386,0,6491.182997348702,0,6395.256662693464,12886.439660042166
91390,0,22599.611065276353,0,6865.347526833585,29464.95859210994
91393,0,8384.311858248919,0,4492.770309605514,12877.082167854433
91399,0,7346.812602119072,0,1577.8559608047,8924.668562923773
91405,0,24754.409390031495,0,7519.77580991224,32274.18519994374
91408,0,2222.644381339553,0,2811.715550074964,5034.359931414518
91411,0,6381.4926698089175,0,0,6381.4926698089175
91412,0,4181.158699998351,0,277.899039676984,4459.057739675335
91414,0,8882.077398608955,0,0,8882.077398608955
91421,0,11310.595360325688,5718.064732099932,1611.4447150336273,18640.104807459247
91425,0,5790.548661677988,0,3768.5432013409873,9559.091863018975
91432,781.1663325057099,5156.790713347319,0,1464.445687170577,7402.402733023607
91433,0,18675.53813497147,0,1633.5615502426626,20309.099685214132
91434,554.203534369792,3395.3176035000706,0,3987.1531134658194,7936.674251335681
91435,0,3711.364830525519,0,0,3711.364830525519
91441,1310.21635300036,5536.863916403257,0,1169.49641851111,8016.576687914727
91457,0,3870.296798252764,0,1920.1701088284697,5790.466907081234
91458,0,4869.831464343624,0,2619.693226222027,7489.524690565651
91461,0,8101.09433170276,0,519.205591393356,8620.299923096116
91463,0,1759.5984720658614,0,1012.598990265262,2772.1974623311235
91468,676.818899526912,1072.4535275537098,0,2524.1783716092177,4273.45079868984
91469,0,4222.375798173782,0,6025.387561611723,10247.763359785506
91471,0,13382.276515608515,3859.1267912231456,5338.072381719928,22579.47568855159
91473,0,1639.1262934500587,0,2675.352931807962,4314.479225258021
91477,6917.905431383393,12480.032077431131,0,13995.07016662099,33393.00767543551
91479,1069.686816174809,3148.796681557896,0,10807.984294169108,15026.467791901814
91482,0,3110.373794377795,0,2372.8772394367784,5483.251033814573
91494,0,5015.106871208413,0,3038.665965836896,8053.772837045309
91495,0,5814.866227411553,0,2048.000323599541,7862.866551011094
91507,0,2556.2785185715593,0,1199.9443535315118,3756.222872103071
91508,0,3882.9953472856246,0,3419.207107163686,7302.202454449311
91511,0,6527.53375393192,0,942.6165845832181,7470.150338515137
91514,0,4683.754049701599,1637.8451605312073,4090.1897477494817,10411.788957982288
91519,0,4757.9808929646,0,4332.923875870352,9090.904768834953
91521,1792.206550700664,8266.683696104546,8501.469130012478,9515.782733290303,28076.14211010799
91525,0,5585.744306426039,0,3684.338694843173,9270.083001269213
91526,0,3769.9963527593186,0,0,3769.9963527593186
91533,0,9291.844541867396,0,118.544676695612,9410.389218563008
91534,0,9806.310637324015,3795.736501597352,1247.6751460008418,14849.722284922207
91538,0,2628.425528259977,0,1941.7477010503087,4570.173229310286
91540,0,9004.37701465568,0,751.159077847151,9755.53609250283
91544,0,6487.804996198249,0,3669.188968084769,10156.993964283018
91546,0,6695.900077864493,0,0,6695.900077864493
91547,0,6286.094249962651,0,10317.26833784298,16603.362587805634
91549,0,8595.379917648426,1604.7993989878985,6537.5521073659775,16737.7314240023
91552,0,3805.883583291373,0,6348.381591501936,10154.265174793309
91553,0,4237.979743134266,2286.9321349134098,701.0590956447629,7225.970973692439
91556,0,4714.144090474364,0,0,4714.144090474364
91560,0,674.2460195909597,144.296726483291,3299.9305810691403,4118.473327143391
91568,0,6396.927818404956,0,5016.376214365231,11413.304032770187
91570,0,3119.3736117087574,2143.4061952184034,4174.26830507127,9437.048111998432
91573,0,4982.490943857304,1130.00148421733,2430.3169035047704,8542.809331579405
91577,0,3730.2098494551296,0,2763.602034526732,6493.811883981862
91578,0,1933.3097180285347,0,2201.140428022957,4134.450146051492
91579,0,8328.960104409243,0,502.01976453272897,8830.979868941973
91581,0,4677.7087045297785,0,1158.016977242637,5835.725681772416
91587,0,4827.856416388092,0,5926.247077683816,10754.103494071907
91589,1937.222472496069,7468.253789175249,0,1833.122558441466,11238.598820112784
91593,0,5660.034770795308,0,5186.261354306298,10846.296125101606
91599,0,11671.402187003783,0,2583.3340360863044,14254.736223090087
91600,0,2394.3885924590377,0,1455.8657098013375,3850.254302260375
91602,0,6015.272447600776,0,0,6015.272447600776
91613,0,6549.462818060587,0,1799.787066923304,8349.24988498389
91617,935.427780794768,5127.316676220999,4726.265730249399,5183.0102101518805,15972.020397417047
91619,0,2320.068078633974,0,0,2320.068078633974
91629,0,7279.13072482028,0,3578.0722315610824,10857.20295638136
91630,0,7608.835959956341,0,2467.38525368915,10076.221213645493
91631,0,123.190208176804,0,2012.3401206911624,2135.5303288679665
91634,1193.05857828865,2220.0842505915944,0,4146.609466472115,7559.75229535236
91635,0,2320.191280480755,0,0,2320.191280480755
91639,0,6668.100482913342,0,0,6668.100482913342
91645,0,3527.7242134753965,1378.3223160083714,8019.728497524982,12925.775027008753
91648,0,6562.922151257804,0,2314.164601101401,8877.086752359206
91649,0,4114.606666235605,0,5366.08061665563,9480.687282891235
91654,0,9785.6236702203,0,0,9785.6236702203
91657,0,4266.894960573177,198.599729972258,1407.2774113120336,5872.772101857468
91659,2196.424772821857,759.6032062718463,0,5346.582185562112,8302.610164655815
91661,3793.5921001822503,9407.202739707493,0,3518.002820073423,16718.797659963166
91662,0,10703.125663680154,0,265.227849583091,10968.353513263244
91665,0,524.1371170410605,0,2817.9557918570385,3342.0929088980993
91666,668.852265645228,4512.27950279282,0,1021.116552655922,6202.248321093969
91667,0,2795.0914197201337,0,4550.532116697456,7345.62353641759
91671,0,7637.064772417091,0,1429.2002421605598,9066.265014577648
91679,0,6664.359239790428,0,3847.682824728277,10512.042064518704
91685,0,1314.551386682022,0,1420.2491352369225,2734.8005219189445
91687,1715.1253290499933,10573.56346495906,0,6678.394194264665,18967.08298827372
91689,9452.913304506936,8699.172039576328,0,3340.5756939787734,21492.66103806204
91691,0,11224.920936537515,0,7578.493111339713,18803.414047877228
91692,1688.0854817963907,7382.236989063324,2660.727177324776,6105.4105669729,17836.460215157393
92002,3617.8588027332416,15203.555953779109,142.507414961653,11098.807168628717,30062.729340102716
92004,67.8546628178376,16995.7203740828,334.06358263992473,6136.58574231868,23534.22436185924
92007,0,11083.520272168347,0,4484.16662598348,15567.686898151827
92009,0,1978.2776159327857,0,3305.278224906599,5283.5558408393845
92012,1356.787023677758,12669.213056199827,0,14356.20590106382,28382.20598094141
92014,0,5771.53497388958,0,1506.2505610471255,7277.7855349367055
92019,0,6656.914442443974,3140.183858923506,4602.573254153974,14399.671555521454
92020,0,8172.871655969622,0,4514.289059983286,12687.160715952909
92022,0,5080.086642304278,0,1943.5760744112,7023.662716715478
92023,0,13609.926641442064,1441.5958649589063,11290.40758116783,26341.9300875688
92024,0,6329.083867185278,0,6417.806220996102,12746.89008818138
92025,3594.2594107153254,11110.432738432944,0,13887.69805783406,28592.39020698233
92026,0,17641.72263367084,324.3597569932683,7125.203369012212,25091.28575967632
92032,0,4257.282368250111,0,6350.475390148329,10607.75775839844
92033,0,2795.5547123137076,0,1552.240514448308,4347.795226762016
92035,0,3448.134286201272,0,4266.417486883188,7714.55177308446
92036,9596.789102812127,18203.370690885175,2339.818527055885,11257.867843090486,41397.84616384368
92040,0,17743.084085983886,0,2487.8627228860887,20230.946808869976
92044,0,4179.59531034735,0,8294.695461907715,12474.290772255066
92046,0,6563.566835425227,0,2436.262685404721,8999.829520829948
92047,2749.688135208424,1932.5729950471828,0,1772.626962919211,6454.888093174818
92048,0,9102.22433971724,3285.998907065641,11408.235271523012,23796.458518305895
92049,0,2679.818312606341,0,6766.170145307129,9445.98845791347
92050,7751.866435260072,23399.975719652943,0,24715.31164271563,55867.15379762865
92051,0,4679.743469479488,2048.6817755812704,19620.04805588677,26348.47330094753
92060,0,4251.307888699947,386.8297224585128,3386.431954468634,8024.569565627095
92062,926.294383405821,11350.81974219508,3330.7774651605005,13162.667142262228,28770.558733023627
92063,4999.800801412462,15037.447952216484,0,15370.647989687426,35407.89674331637
92064,3417.2522646555603,12870.56920493724,0,7100.348088709734,23388.169558302536
92071,0,9981.585885558095,0,2449.145168353171,12430.731053911268
92072,0,7046.969929774614,2007.6380342038628,7250.960362040925,16305.568326019402
92073,0,8792.224336247313,0,5314.501803857836,14106.726140105147
92075,0,3141.0657088775747,0,3502.7123419574227,6643.778050834997
92076,1805.7698979817883,3519.862800165568,0,8986.175310540788,14311.808008688144
92077,716.414082821229,4889.4991453304765,0,752.5276091776815,6358.440837329387
92078,1738.131430741736,7995.05428309799,0,2347.6633683992677,12080.849082238996
93001,825.2360915313176,14440.933220103554,0,5012.167251777359,20278.33656341223
93005,8277.979322957606,20388.23317277626,1063.5209984312614,20573.979699992215,50303.713194157346
93006,2792.9356329285033,6289.247063780042,0,4030.195585496407,13112.378282204952
93007,3196.778090131198,9372.520652400965,0,8439.330306910828,21008.629049442992
93008,3024.65433562436,15409.50824278272,1790.203464744343,4771.144060471718,24995.51010362314
93010,2330.0071775722877,6747.8757370618205,1735.043007591329,6257.994404214431,17070.920326439867
93013,1349.035432144275,5322.583325631581,0,3390.2529245974233,10061.87168237328
93014,0,6930.435011839362,0,2591.032988975065,9521.46800081443
93015,0,4411.266841963573,0,2479.4845919508098,6890.751433914383
93027,5814.15651478779,13464.56168012856,1364.4119140695757,2597.7685814880538,23240.89869047398
93029,1513.946617661567,5413.020080358388,0,10235.27221417241,17162.238912192366
93030,0,3829.649740835084,0,155.07193900882868,3984.7216798439126
93031,0,12194.650814721805,0,5471.946353901563,17666.597168623368
93032,0,8569.68628880506,0,6923.124901444992,15492.811190250051
93033,0,1614.2038201840292,0,2182.119191226226,3796.3230114102553
93039,263.79356453368166,2231.252217919463,0,3884.8753954413287,6379.921177894474
93045,0,5039.955015853835,0,2773.3908950046057,7813.345910858442
93046,0,11745.533229236962,0,6353.924512906095,18099.45774214306
93047,0,2548.7639999019025,0,5660.266434789167,8209.030434691069
93048,373.57898053520984,22076.11473357285,0,10918.533119889767,33368.226833997825
93049,0,3783.054051782148,0,5079.792196750144,8862.846248532293
93050,0,10432.673709134504,0,665.304154022054,11097.97786315656
93051,3272.255584180847,15014.479402383826,0,10902.309409733927,29189.044396298603
93053,4791.780794493808,14285.152710355296,0,3637.985537529009,22714.919042378115
93055,0,9607.261415207671,0,3160.967115509415,12768.228530717086
93057,0,7971.712190465021,0,2377.543174342716,10349.255364807736
93059,0,7287.099334806801,0,2600.5148392890337,9887.614174095837
93061,0,710.7390399151664,0,2082.0244308838005,2792.763470798967
93062,0,3441.4266410674645,0,1791.4479404192102,5232.874581486674
93063,1243.98981590197,7405.97252791183,0,3767.768579183812,12417.730922997613
93064,5063.512891386734,12094.5535772055,0,7546.847005970608,24704.913474562843
93066,7664.357318420161,28579.65015691473,1807.8569037016623,19424.779819892297,57476.64419892884
93070,0,9804.088751472138,0,7858.526207264723,17662.61495873686
93071,0,5414.092084885883,0,6748.593935414141,12162.686020300023
93072,0,6968.809528970436,0,5414.638465086861,12383.447994057296
93073,1256.3666915273602,10183.823665695969,0,27611.51875658037,39051.7091138037
93074,0,7080.738248684039,0,3306.5443039743973,10387.282552658437
93077,0,7319.437142252235,0,5394.797149085929,12714.234291338164
93078,4939.1873440166955,6585.615649185186,1757.667663918994,10981.971393982993,24264.442051103862
93079,0,4901.5501869744,0,1392.7012056048711,6294.251392579272
94001,0,2278.037079845914,0,2291.8355585322447,4569.872638378159
94002,421.924785023158,7025.967376774651,0,1533.567775313982,8981.459937111791
94003,2727.8066754603988,10796.411071421857,0,2624.005499102144,16148.223245984398
94004,0,3024.1546084229453,4118.67463050347,2290.7613764625557,9433.59061538897
94011,0,9281.480191955146,1409.1210120527703,1884.9431421735972,12575.544346181514
94015,848.7298036662089,5808.736112857502,0,1931.6258865295745,8589.091803053285
94016,332.4816995696937,10270.657320299071,0,992.6086595355869,11595.74767940435
94017,4972.6816530862825,21216.4556885671,100.2035389981686,8867.475802367968,35156.81668301952
94018,2016.613656475364,6507.7155427388,0,3527.6479373386564,12051.97713655282
94019,0,10732.886151760847,0,910.2411780165464,11643.127329777391
94021,6749.726261431097,8947.433328546927,0,10764.843389581372,26462.002979559395
94022,1538.816682225714,11686.767848414676,7.8586902506120895,3547.148283700505,16780.591504591506
94028,3607.920192165933,18418.468844203075,4018.415192986348,19199.698683956245,45244.5029133116
94033,2930.44140299983,12518.489053155618,0,12806.418272914609,28255.348729070058
94034,7272.806590522388,7355.374994039209,1024.6149753788984,5265.186848417857,20917.983408358352
94037,1151.741791551367,5980.553426462848,0,4751.015847063111,11883.311065077329
94038,5806.938228943928,9294.535311185158,0,1519.280273508675,16620.75381363776
94041,326.178446970868,21074.931310375527,0,5327.759208448317,26728.86896579471
94042,871.9075792614819,6189.902905062342,0,3332.0994784301884,10393.909962754013
94043,1027.2709544858678,5512.792982334312,0,3306.992515338353,9847.056452158533
94044,0,7964.41338548145,1231.32379844031,4469.3820720582025,13665.119255979962
94046,2247.1745479759948,10041.854571703176,0,8577.459318258238,20866.488437937405
94047,0,5372.375101337983,0,0,5372.375101337983
94048,0,1936.777235692217,1305.6607333217703,1304.7034293944198,4547.1413984084065
94052,2356.1171972436637,6105.690873922785,542.4775148907667,5604.6870390960485,14608.972625153265
94053,0,2550.644488574752,0,2042.0002772833304,4592.644765858082
94054,0,7022.473493818556,0,5979.280377730604,13001.75387154916
94055,0,5756.765756434251,0,0,5756.765756434251
94056,0,3510.8705526311405,0,620.529372404494,4131.399925035635
94058,606.931920767691,8782.826544250715,0,797.1065536387936,10186.8650186572
94059,0,2856.1950613460426,0,7505.597175622414,10361.792236968457
94060,0,3589.573014014259,0,5402.737937735903,8992.310951750162
94065,2398.723585201039,5192.448950853197,4050.386681071627,16845.213978758522,28486.773195884387
94067,0,2126.568464330442,0,1974.3240572884488,4100.892521618891
94068,0,19844.938303517814,0,13151.770874123991,32996.70917764181
94069,3874.5315107461593,4075.04656367412,0,4644.008160041788,12593.586234462067
94070,0,4416.031817013926,1806.4908244216963,874.2700343863517,7096.792675821974
94071,0,10469.76006856654,0,3094.4550782074875,13564.215146774028
94073,3423.8251450709863,7928.771525453584,2063.334803696191,4714.5183286956235,18130.449802916384
94074,0,8823.557874188558,2600.355884204304,1917.2050372353788,13341.11879562824
94075,0,2922.69354184235,2092.201213053726,1637.941818718548,6652.836573614624
94076,2323.655838813606,8709.386832979484,0,5415.063869485106,16448.106541278197
94077,0,6835.193102899327,0,7771.326514868073,14606.5196177674
94078,0,9892.424094553979,4710.725497846983,0,14603.14959240096
94079,757.8287413555352,8182.621575938093,0,5958.327269006374,14898.777586300002
94080,0,6053.172202241861,0,4585.9967884160815,10639.16899065794
94081,258.696757229531,16847.211466830413,0,5304.663203559684,22410.57142761963
95002,0,7649.119190108936,0,0,7649.119190108936
95008,0,9714.012783267128,0,0,9714.012783267128
95011,0,4388.590698604803,0,1003.393059935747,5391.98375854055
95012,0,5713.298952001586,0,3278.6305737730154,8991.929525774602
95014,0,4607.360465434234,0,2875.9440917888924,7483.304557223127
95018,1919.1822277836677,24299.81213716156,571.0888835075675,24205.711246768864,50995.794495221664
95019,0,2929.2007740430645,0,1919.950690673217,4849.151464716281
95023,0,9940.458766015485,0,1392.2387438569308,11332.697509872414
95024,0,5635.658121422876,0,0,5635.658121422876
95026,0,6116.7636817811035,0,6441.907100288354,12558.670782069456
95028,0,2021.1914072104496,4670.017748066158,4753.210570640642,11444.419725917249
95039,0,9813.512939087248,0,1686.946488796845,11500.459427884092
95040,0,16707.06863998803,0,3808.0327261955185,20515.101366183542
95042,0,8001.974960319566,5880.0540758215475,2579.6218611521363,16461.65089729325
95046,0,4522.856007126656,0,288.368123582557,4811.224130709213
95051,0,909.0278596721487,0,5272.417773279281,6181.4456329514305
95052,0,7103.31882316541,0,6333.284125569185,13436.602948734597
95054,0,4985.543866278234,0,0,4985.543866278234
95055,0,1825.5825695934209,0,2839.402949583946,4664.985519177367
95056,0,6930.874151222876,0,3247.741317394245,10178.61546861712
95058,0,3039.4086258376337,0,5604.184546865694,8643.593172703328
95059,0,6572.953560333869,0,2598.6886964134233,9171.642256747293
95060,1687.9102823498652,5715.652342079371,0,2361.519364589604,9765.08198901884
95061,0,1330.964845007406,415.32146705708,2639.3451854485593,4385.631497513045
95063,0,7010.619718941488,0,1945.131228190113,8955.7509471316
95074,0,2972.952504746187,0,1664.4447575101433,4637.397262256331
95078,0,4938.737510173405,0,0,4938.737510173405
95088,0,2912.025935534444,0,885.859365327828,3797.885300862272
95091,0,3109.924489469769,0,2348.1706430083227,5458.095132478092
95094,0,898.9911230041271,0,1396.3119160385622,2295.3030390426893
95101,0,6167.696061188475,0,0,6167.696061188475
95102,0,5670.29249086213,0,2749.105905508707,8419.398396370838
95110,0,1931.8249933389247,0,1047.1206973723251,2978.94569071125
95116,0,3154.277973419073,0,4084.1383366259233,7238.416310044996
95119,0,4154.641356741525,0,2448.92864583041,6603.570002571934
95120,0,3479.5808176318087,0,635.8661184887089,4115.446936120517
95127,487.290787400131,5707.011475220272,130.566885572607,25765.121831555083,32089.990979748098
95134,1936.00870729878,6437.9502211999425,0,5648.477018159414,14022.435946658135
95139,0,1861.476250527355,0,2086.0743364022924,3947.550586929648
95141,0,2591.845135639006,0,1184.31005785852,3776.1551934975255
95142,0,10273.445728395196,0,3948.5893109098424,14222.03503930504
95144,0,4192.789733254163,0,349.62547243115,4542.415205685314
95149,0,1748.236758549263,0,2641.6209181792187,4389.857676728481
95150,0,9476.978716771595,0,0,9476.978716771595
95151,0,5032.066276435859,1435.83965129337,2181.5041763664626,8649.410104095692
95154,2311.671999311644,2224.0010101580397,0,0,4535.673009469683
95157,0,6467.875279069666,0,2439.4564431397175,8907.331722209383
95166,0,3415.4633184356712,0,1614.058295457094,5029.521613892765
95169,0,3471.1967139137532,0,2012.481274859711,5483.677988773465
95170,0,3673.9549677902696,0,0,3673.9549677902696
95176,213.329610704793,10250.281026464996,0,5719.991211117945,16183.601848287732
95177,0,8197.240869869749,0,5525.448182244081,13722.68905211383
95181,0,0,0,1444.0833399146252,1444.0833399146252
95183,0,6858.08960732545,108.879771778258,4151.596308718456,11118.565687822163
95197,0,4340.7214159658615,0,1697.5262057805276,6038.247621746389
95199,0,13325.22224640912,0,2808.6344881143195,16133.85673452344
95203,0,7407.92360017415,0,5511.551687983641,12919.475288157792
95205,0,5922.9507126148565,0,723.515459360573,6646.4661719754295
95210,0,2539.8454975970767,0,3385.218110121133,5925.06360771821
95211,0,10010.825257420587,0,1621.0595321181272,11631.884789538715
95212,1046.497063648432,1851.437576079394,904.8753432717474,5171.571601867014,8974.381584866587
95213,0,4182.664978555726,0,4752.030583379757,8934.695561935483
95214,0,1361.3417273373357,0,544.074929695841,1905.4166570331768
95218,31.2170171607828,2821.624132449775,2337.3339286505256,3323.267766187918,8513.442844449
95219,1164.490757453447,9917.87198878535,0,6526.205817920803,17608.5685641596
95229,0,2968.379007177525,0,1357.3535426375397,4325.732549815065
95241,0,6667.064634961122,4657.491885939261,5171.72098994481,16496.277510845193
95250,0,1979.9372584037,0,1380.7190812980225,3360.6563397017226
95252,3104.9552702960696,9401.785618840522,0,5192.276689970741,17699.017579107334
95253,0,3020.417118015263,0,1720.1934444237506,4740.610562439014
95254,0,3521.739322509477,0,2660.794796483981,6182.534118993458
95256,483.66926582068106,2577.530764661167,1286.2928438117344,0,4347.492874293583
95257,0,66.0735969205802,0,6008.283930618373,6074.357527538953
95258,0,4660.098182592198,0,1982.3004723791669,6642.3986549713645
95268,0,8805.034528462576,0,974.6766303984687,9779.711158861046
95270,0,4919.942739671824,0,2658.2997382862386,7578.242477958061
95271,0,8563.876939711812,0,0,8563.876939711812
95277,8056.346364039782,25016.606957298343,0,7746.576352556608,40819.52967389473
95280,0,7530.251469649857,0,8518.147615487323,16048.399085137182
95282,0,762.6931100547948,0,0,762.6931100547948
95287,0,5055.43947182359,0,1225.68910104273,6281.12857286632
95288,0,4740.527357371545,0,3264.6182291634045,8005.145586534949
95295,0,4992.426662508262,0,1067.2852088613756,6059.711871369637
95298,0,10200.072356479464,0,0,10200.072356479464
95301,0,4155.136758008286,0,15.7531751446469,4170.889933152933
95303,0,1520.5693521478458,0,550.737994862581,2071.307347010427
95304,0,0,0,3965.688362492485,3965.688362492485
95306,2496.350556828635,8416.781980604685,0,13326.386069202788,24239.518606636106
95308,0,8240.00102389907,0,0,8240.00102389907
95309,0,3460.8230662786277,0,1641.27898115033,5102.102047428958
95313,2424.972737889,11259.526588469764,2653.979804859536,630.6412196838415,16969.120350902143
95316,0,2907.5030356629068,0,0,2907.5030356629068
95323,0,3781.2450936157616,0,4005.507851846656,7786.752945462417
95328,0,5769.47979815577,0,0,5769.47979815577
95331,0,1344.7657305932414,0,2308.308525420469,3653.0742560137105
95341,0,2408.564406556409,0,3402.1321275807104,5810.69653413712
95348,0,4508.313883090842,0,2207.99254219014,6716.306425280982
95351,0,8585.244511885478,3756.053204391459,4247.563812902825,16588.86152917976
95352,0,11016.508777080866,0,8166.408577323368,19182.917354404235
95353,0,3909.176297547917,2575.0583135648894,0,6484.234611112806
95355,0,12716.867475426352,0,2791.169929016643,15508.037404442995
95365,0,6679.927931974353,2266.91653505063,1339.820846049122,10286.665313074103
95369,0,871.9852646523099,0,448.39895165735265,1320.3842163096624
95370,0,10261.961643822837,0,1858.2777653102228,12120.23940913306
95371,0,7473.466637903992,0,6420.716852972346,13894.183490876338
95379,0,2082.3415834710913,0,2905.072048902327,4987.413632373418
95387,0,949.5356725854031,0,1151.138056831686,2100.673729417089
95388,0,2239.7438073332864,0,971.7262949592221,3211.4701022925083
95392,0,5562.689118328422,280.541226680725,417.409294440726,6260.639639449873
95394,585.412676379598,8247.098609573854,3314.345845296228,3275.0854284704747,15421.942559720152
95395,0,2596.481492456928,217.51828443395,3645.2570182713785,6459.256795162257
95409,0,3953.1535095336408,0,714.885332305709,4668.0388418393495
95422,0,2231.301771612706,0,3409.564621394617,5640.8663930073235
95424,1579.0533472600453,5519.645327843461,0,4127.265208851419,11225.963883954926
95426,0,3387.098215265525,0,2347.8196319354456,5734.917847200971
95427,0,4639.164285704143,0,809.889442744549,5449.053728448693
95428,0,9251.93195125339,0,2955.428488484243,12207.360439737631
95429,0,2851.698447935948,0,3055.491381951287,5907.189829887235
95430,0,2528.9219390478174,1698.762989876102,542.4271140071312,4770.112042931051
95436,609.4898517702879,3224.6171146078664,476.8289655082432,3055.190119060617,7366.126050947015
95438,0,4300.525878466004,0,0,4300.525878466004
95445,0,4532.4061006270995,3499.4053208932546,0,8031.811421520353
95446,0,11114.908159593097,0,549.753973617899,11664.662133210995
95447,0,3117.4056768726114,0,928.563299902322,4045.9689767749337
95450,0,5907.58827564079,0,2812.3573198936447,8719.945595534435
95452,0,3309.91340809,0,1974.119177125001,5284.032585215001
95456,0,1026.5062845130633,0,4047.4326769656823,5073.938961478746
95459,0,8047.0582743313635,0,1104.4029988992827,9151.461273230647
95462,0,7733.800071583802,0,4095.347148616088,11829.147220199888
95476,0,8602.92576588017,3398.734461124057,5982.8586260953525,17984.51885309958
95480,0,5091.338630075416,0,692.949752553817,5784.288382629234
95483,0,4440.5202696364995,0,0,4440.5202696364995
95487,431.977918459257,7229.9228872609165,0,3498.452991266888,11160.35379698706
95488,2465.369604287101,9771.486827668541,0,9693.679864745489,21930.53629670113
95489,0,4733.9771399391875,0,1839.0608895538055,6573.038029492993
95491,2243.666743548889,2312.759926877092,0,3439.733573537769,7996.16024396375
95492,0,1217.0997604696065,0,1772.3120612274447,2989.411821697051
95493,0,353.351977468089,0,819.809767206799,1173.161744674888
95500,1548.4946005440895,11409.865997926592,0,6653.5682025841115,19611.928801054793
95504,0,7008.382589519182,2786.47123272981,1801.6824908692352,11596.536313118228
95509,0,5138.885643608108,0,3403.2008157738996,8542.086459382008
95510,0,3533.7215767715797,2004.478043746091,3215.2879591182427,8753.487579635914
95523,0,6603.247893197195,0,0,6603.247893197195
95527,9749.942629279709,5646.723586539307,738.175142942332,40697.91265478593,56832.754013547274
95529,769.218159636117,536.980518830998,0,3605.546237751152,4911.744916218267
95535,0,12974.10117671046,0,336.608446415245,13310.709623125704
95539,0,8750.64764932279,0,2727.6648895793655,11478.312538902155
95541,0,8765.327008618724,0,1451.988092350439,10217.315100969165
95543,0,1297.8549295465873,0,4560.870092795977,5858.725022342564
95554,0,10480.538430778644,0,7584.717123331186,18065.25555410983
95555,0,5455.963766049764,0,2063.1975276340513,7519.161293683816
95563,475.77766256487706,7550.060323875008,0,6679.5404258628,14705.378412302684
95566,0,3866.8096207429385,0,895.9127584514621,4762.722379194401
95572,3013.695937851094,9456.042209726995,5933.09245328989,11971.388208051992,30374.21880891997
95574,0,7064.702868035866,0,1405.8006282037045,8470.503496239571
95580,1720.877539971757,8135.783766048149,0,2540.007413628002,12396.668719647909
95582,6062.540567399784,11862.060030235172,2600.7851474164163,1804.5725371859423,22329.958282237312
95584,0,4340.743935066686,0,2186.433124996802,6527.177060063488
95585,0,11245.685281760932,0,8281.492549902678,19527.177831663612
95592,0,6333.687154481437,0,3771.902737106311,10105.589891587748
95594,0,2131.624825403096,0,2038.017302771756,4169.642128174852
95598,0,7973.276482317264,0,2546.708610452781,10519.985092770045
95604,2442.4318809149627,3089.5982289106614,0,563.47876703667,6095.508876862294
95607,2838.1029206049325,10794.70928941684,0,8883.63797606385,22516.450186085625
95610,0,8649.861017232624,0,748.7874624036592,9398.648479636286
95611,0,0,0,3046.0122230941297,3046.0122230941297
95612,0,1590.0484920332808,0,3290.246054344761,4880.294546378042
95625,0,7900.467208028739,0,15.8887218372046,7916.355929865944
95627,0,5451.750527582057,0,4600.242100546767,10051.992628128824
95628,0,3587.834565838244,0,1599.483379118268,5187.317944956512
95633,0,311.8355366067192,0,63.6772308759215,375.5127674826407
95637,0,3841.071345198761,0,4515.845965076852,8356.917310275612
95641,2115.49001630549,8746.149168488713,0,3754.055109087372,14615.694293881576
95651,0,4942.387259603279,0,0,4942.387259603279
95652,0,4423.176710871611,0,7706.193447699649,12129.37015857126
95656,0,3304.5842388637557,0,1324.6090348941796,4629.1932737579355
95658,0,8392.526384889912,0,0,8392.526384889912
95660,0,2403.1104810754973,0,955.3900476519169,3358.5005287274143
95675,880.31034275494,5571.5372208128965,0,20.72621353254319,6472.5737771003805
95676,0,6229.937629535968,0,3267.7191814969933,9497.65681103296
95678,0,8454.226931343068,7220.736847617008,1149.095037600366,16824.058816560442
95680,0,9269.671993216725,0,1638.3135993411745,10907.9855925579
95682,0,2879.581319019994,1545.2130543259514,922.055901794223,5346.850275140168
95690,0,6885.958288980533,0,374.00697019391714,7259.965259174452
(vide),0,0,0,0,0
Total général,658246.1058309361,9205595.800013622,529590.3316425114,4521535.301327432,14914967.538814494
